,,,,,,,,,,,,,,,,,,,,,,,,,,,,,,,,,,,,,,,,,,
,⚠️ Tout les prix incluent [ Discount ] Lv 10 quand cela est possible ⚠️,,,,,,,,,,,,,,,,,,,,,,(images en provenance de [ RateMyServer ],,,,,,,,,,,,,,,,,,,
,,,,,,,,,,,,,,,,,,,,,,,,,,,,,,,,,,,,,,,,,,
,                        Craft,,,,,,,,,,,,,,,,,,,,,,⏳,= sortie proche,,,,,,,,,,,,,,,,,,
,,,,,,,,,,,,,,,,,,,,,,,,,,,,,,,,,,,,,,,,,,
,"   Classique (armes lvl 2 et 3 opti / liste complète : Blacksmith Weapon Forging Guide - Ragnarok Online )
   (voir onlget [Enchant] pour les enchantements ; arme lvl 3 seulement ou pas du tout, à vérifier IG ?)",,,,,,,,,,,,,,,,,,,,,,,,,,,,,,,,,,,,,,,,,
,,,,,,,,,,,,,,,,,,,,,,,,,,,,,,,,,,,,,,,,,,
,Composants,,,,,,,,,,,,,,,,,,,,,,,,,,,,,,,,,,,,,,,,,
,,=,1,,,,=,10,,,,150 Z,,Par craft,,,,, Rough oridecon,,,"( Minorous 0,98% ⏳/ Petite 0,7%⏳ / Instances )",,,,,,,,, Steel,,"( Golem 0,75% / Skel worker 0,5% ⏳ )",,,,,,,,,
,,=,5,,,,=,10,,,,,,,,,,, Oridecon,,,"( Nightmare 0,3% ⏳ / Instances )",,,,,,,,, Iron,,"( Golem 1,75% / Skel worker 2% ⏳)",,,,,,,,,
,,,1,,,,=,10,,,,20 000 Z,,Par craft d'arme,,,,,,,,,,,,,,,,,,,,,,,,,,,,
,,=,10,,,,=,10,,,,,,,,,,,,,,,,,,,,,,,,,,,,,,,,,,
,,,,,,,,,,,,,,,,,,,,,,,,,,,,,,,,,,,,,,,,,,
,Dagger,,,,,,,,,,,,,,,1H Sword,,,,,,,,,,,,,,,2H Sword,,,,,,,,,,,
,"Stilleto
(lvl 12)",,,Lv 2,40,,,"Damascus
(lvl 24)",,,Lv 3,60,,,,"Ring Pommel Saber
(lvl 14)",,,Lv 2,40,,,"Flamberge
(lvl 27)",,,Lv 3,16,,,,"Bastard sword
(lvl 18)",,,Lv 2,45,,,"Claymore
(lvl 33)",,,Lv 3,20
,ATK = 87,,,,,,,ATK = 118,,,,4,,,,ATK = 100,,,,50,,,ATK = 150,,,,1,,,,ATK = 115,,,,,,,ATK = 180,,,,16
,,,,,,,,,,,,1,,,,,,,,,,,,,,,,,,,,,,,,,,,,,,1
,,,,,,,,,,,,,,,,,,,,,,,,,,,,,,,,,,,,,,,,,,
,2H Axe,,,,,,,,,,,,,,,2H Spear,,,,,,,,,,,,,,,  Zircon,,,"( Morroc Jew ? / Male thief bug 0,03% )",,,,,,,,
,"Hammer
(lvl 16)",,,Lv 2,30,,,"Two Handed Axe
(lvl 30)",,,Lv 3,10,,,,"Partizan
(lvl 18)",,,Lv 2,55,,,"Lance
(lvl 33)",,,Lv 3,12,,,, Cursed ruby,,,"( Zombie 0,06% )",,,,,,,,
,ATK = 120,,,,,,,ATK = 185,,,,8,,,,ATK = 124,,,,,,,ATK = 185,,,,3,,,, Amethyst,,,"( Megalodon 0,05% / Argiope 0,05% )",,,,,,,,
,,,,,,,,,,,,1,,,,,,,,,,,,,,,2,,,, Cracked diamond,,,"( Isis 0,75% ⏳ )",,,,,,,,
,,,,,,,,,,,,,,,,,,,,,,,,,,,,,,,,,,,,,,,,,,
,Mace (Stunner réservé aux acolytes),,,,,,,,,,,,,,,,,,,,,,Knuckle,,,,,,,, Wolf claw,,, ( Wolf 90% ),,,,,,,,
,"Chain
(lvl 14)",,,Lv 2,45,,,"Sword mace
(lvl 27)",,,Lv 3,100,,,,"Stunner
(lvl 27)",,,Lv 3,120,,,"Fist
(lvl 24)",,,Lv 3,4,,,, Sharp scale,,, ( Swordfish 45% / Phen 10% ),,,,,,,,
,ATK = 84,,,,,,,ATK = 130,,,,20,,,,ATK = 140,,,,1,,,ATK = 115,,,,10,,,,Baphomet's horn,,," ( Baphomet Jr. 2,5% ⏳)",,,,,,,,
,,,,,,,,,,,,,,,,,,,,,,,,,,,,,,, Heroic emblem,,," ( Orc hero MvP 48,5% ⏳)",,,,,,,,
,"    Nouvelles armes Lv 3 (lvl 60) ( https://roz.gnjoy.com.tw/Notice/Notice_Info?id=218320 ) 
   (voir onlget [Enchant] pour les enchantements)",,,,,,,,,,,,,,,,,,,,,,,,,,,,,,,,,,,,,,,,,
,,,,,,,,,,,,,,,,,,,,,,,,,,,,,,,,,,,,,,,,,,
,1H Weapon,,,,30,,36,,2,,,,⚠️ Rappel : [ Normal ] = non Boss,,,,,,,=,Instances,,,,,,,,,,,,,,,,,,,,,
,,,,,,,,,,,,,,,,,,,,,,,,,,,,,,,,,,,,,,,,,,
,Matagi's sword axe,,,(Dagger),,,ATK = 130,,,,,,Priest sword,,,(1H Sword),,,ATK = 150,,,,,,Shining window,,,(1H Spear),,,ATK = 150,,,,,,,,,,,
,"Each 2 refine : M.ATK +12.

Refine +7  : Physical / Magical DMG VS [ Normal ] + 3%.
Refine +9  : Physical / Magical DMG VS [ Normal ] + 7% ; MATK + 30",,,,,,,,,,,,"Each 2 refine : VCT -4%

Refine +7  : Physical DMG VS [ Normal ] + 4%.
Refine +9  : Physical DMG VS [ Normal ] + 8%",,,,,,,,,,,,"Each 2 refine : CRIT +3

Refine +7  : Physical DMG VS [ Normal ] + 4%.
Refine +9  : Physical DMG VS [ Normal ] + 8%",,,,,,,,,,,,,,,,,
,,,,,,,,,,,,,,,,,,,,,,,,,,,,,,,,,,,,,,,,,,
,Sunset buster,,,(1H Axe),,,ATK = 165,,,,,,"Guardian staff
of light",,,(Mace),,,ATK = 150,,,,,,,,,,,,,,,,,,,,,,,
,"Each 2 refine : CRIT +3
Indestructible
Refine +7  : Physical DMG VS [ Normal ] + 4%.
Refine +9  : Physical DMG VS [ Normal ] + 8%",,,,,,,,,,,,"Each 2 refine : HIT +4
Indestructible
Refine +7  : Physical DMG VS [ Normal ] + 4%.
Refine +9  : Physical DMG VS [ Normal ] + 8%",,,,,,,,,,,,,,,,,,,,,,,,,,,,,
,,,,,,,,,,,,,,,,,,,,,,,,,,,,,,,,,,,,,,,,,,
,2H Weapon,,,,30,,44,,2,,,,,,,,,,,,,,,,,,,,,,,,,,,,,,,,,
,,,,,,,,,,,,,,,,,,,,,,,,,,,,,,,,,,,,,,,,,,
,Indigo sword,,,(2H Sword),,,ATK = 200,,,,,,Avengers lance,,,(2H Spear),,,ATK = 190,,,,,,,,,,,,,,,,,,,,,,,
,"Each 2 refine : HIT +4

Refine +7  : Physical DMG VS [ Normal ] + 5%.
Refine +9  : Physical DMG VS [ Normal ] + 10 %",,,,,,,,,,,,"Each 2 refine : HIT +4

Refine +7  : Physical DMG VS [ Normal ] + 5%.
Refine +9  : Physical DMG VS [ Normal ] + 10 %",,,,,,,,,,,,,,,,,,,,,,,,,,,,,
,,,,,,,,,,,,,,,,,,,,,,,,,,,,,,,,,,,,,,,,,,
,"Double-edged axe
of solidarity",,,(2H Axe),,,ATK = 210,,,,,,Crimson Knuckles,,,(Mace),,,ATK = 130,,,,,,,,,,,,,,,,,,,,,,,
,"Each 2 refine : ASPD +4%
Indestructible
Refine +7  : Physical DMG VS [ Normal ] + 5%.
Refine +9  : Physical DMG VS [ Normal ] + 10%",,,,,,,,,,,,"Each 2 refine : Max SP +1%

Refine +7  : Physical DMG VS [ Normal ] + 4%.
Refine +9  : Physical DMG VS [ Normal ] + 8%",,,,,,,,,,,,,,,,,,,,,,,,,,,,,
,,,,,,,,,,,,,,,,,,,,,,,,,,,,,,,,,,,,,,,,,,
,   ALCHIMIE,,,,,,,,,,,,,,,,,,,,,,,,,,,,,,,,,,,,,,,,,
,,,,,,,,,,,,,,,,,,,,,,,,,,,,,,,,,,,,,,,,,,
,,3  Z,,,,62 700 Z / tentatives,,,,,,,,,,,,,,,,,,,,,,,,,,,,,,,,,,,,
,,7 Z,,,,304 z,,,,,,,,,,,,,,,,,,,,,,,,,,,,,,,,,,,,
,,,,,,,,,,,,,,,,,,,,,,,,,,,,,,,,,,,,,,,,,,
,Slim + Blue potion,,,,,,,,,,,,,,,,,,Resist' potion,,,,,,,,,,,,,,,,,,,,,,,
,,=,,+,,+,,,,Cactus Needle,,,( Muka 90% ),,,,,,,=,,+,2,,+,,,, Frill,,, ( Driller 75% / Frilldora 55% ),,,,,,,,,,
,,=,,+,,+,,,,Mole Whisker,,,( Martin 90% ),,,,,,,=,,+,3,,+,,,, Heart of mermaid,,, ( Obeaune 90% ),,,,,,,,,,
,,=,,+,,+,,,,Witched starsand,,,"( Bathory 48,5%⏳)",,,,,,,=,,+,2,,+,,,, Large jellopy,,," ( Orc baby 5% / Rotar zairo 2,5% )",,,,,,,,,,
,,=,,+,,+,,,,,,,,,,,,,,=,,+,3,,+,,,, Moth dust,,, ( Dustiness 90% ),,,,,,,,,,
,,,,,,,,,,,,,,,,,,,,,,,,,,,,,,,,,,,,,,,,,,
,Bombes,,,,,,,,,,,,,,,,,,Autres,,,,,,,,,, Heart of mermaid,,, ( Obeaune 90% ),,,,,,,,,,
,,=,5,,+,5,,,,Steam,,,( Mandragora 90% ),,,,,,,=,,+,,,,,,, Zenorc's fang,,, ( Zenorc 55% ⏳),,,,,,,,,,
,,+,,+,,,,,,Poison spore,,,( Poison spore 90% ⏳),,,,,,,+,,+,,,,,,, Maneater blossom,,, ( Flora 90% ),,,,,,,,,,
,,=,,+,,+,,,,Fabric,,,"( Whisper 53,5% / Wraith 58,2% ⏳)",,,,,,,=,2,,+,,,,,, Detonator,,, ( Marine sphere 25% ),,,,,,,,,,
,,=,,+,,,,,,Immortal heart,,,( Verit 90% ⏳),,,,,,,=,,+,,+,,,,, Tendon,,, ( Marine sphere 50% ),,,,,,,,,,
,,,,,,,,,,,,,,,,,,,,=,,+,,+,,,,, Ment,,," ( Red plant 0,5% )",,,,,,,,,,
,,,,,,,,,,,,,,,,,,,,,,,,,,,,,,,,,,,,,,,,,,
,   CUISINE ( recettes les plus utiles tranche Lv 1 ~ 6 / 100% réussite / durée 30 min / perte à la mort / Discount Lv 10 ),,,,,,,,,,,,,,,,,,,,,,RO 仙境傳說Online：樂園哈啦板,,,,,,,,,,,,,,,,,,,
,,,,,,,,,,,,,,,,,,,,,,,,,,,,,,,,,,,,,,,,,,
,,Level 6 cookbook,,,,"( Orc lady 0,1% )",,,,,,,,,,,,,,,,,,,,,,,,,,,,,,,,,,,,
,,,,,,,,,,,,,,,,,,,,,,,,,,,,,,,,,,,,,,,,,,
,STR ( ⬅ luxe / budget ➡ ),,,,,,,,,,,,,,,,,,INT ( ⬅ luxe / budget ➡ ),,,,,,,,,,,,,,,,,,,,,,,
,,+ 6 STR,,,Shiny shabu meat,,,,,,+ 5 STR,,,"Mrs. Gingerbread
city's pancakes",,,,,,+ 5 INT,,,Mastella wine,,,,,,+ 3 INT,,,Herbal honey tea,,,,,,,,,,
,, Honey,,,"( Bigfoot 2,5% )",,,,,,Sweet potato,,,"( Willow 10% / Bigfoot 7,5%)",,,,,,Lemon,,,"( Minorous 1,5% ⏳)",,,,,,Honey,,,"( Bigfoot 2,5% )",,,,,,,,,,
,, Yellow herb,,,"( Galapago 17,5% )",,,,,,Honey,,,"( Bigfoot 2,5% )",,,,,,Alcohol,,,( alchimie ),,,,,,White herb,,,( Sidewinder / Petite 5% ),,,,,,,,,,
,, Shiny scale,,,"( Side winder 26,7% )",,,,,,Carrot,,,11 z,,,,,,Blue potion,,,( alchimie ),,,,,,Yellow spice,,,760 z,,,,,,,,,,
,, Meat,,,38 z,,,,,,Grain,,,152 z,,,,,,Yellow spice,,,760 z,,,,,,,,,,,,,,,,,,,
,, Mastela,,,6460 z ( PNJ d'events ),,,,,,Cooking oil,,,380 z,,,,,, Mastela,,,6460 z ( PNJ d'events ),,,,,,,,,,,,,,,,,,,
,,,,,6 498 Zeny,,,,,,,,,543 Zeny,,,,,,,,,7 220 Zeny,,,,,,,,,760 Zeny,,,,,,,,,,
,,,,,,,,,,,,,,,,,,,,,,,,,,,,,,,,,,,,,,,,,,
,AGI ( ⬅ semi-luxe / budget ➡ ),,,,,,,,,,,,,,,,,,DEX ( ⬅ semi-budget / budget ➡ ),,,,,,,,,,,,,,,,,,,,,,,
,,+ 6 AGI,,,Spicy Chili shrimp soup,,,,,,+ 5 AGI,,,"Steamed pumpkin
with bat wing",,,,,,+ 5 DEX,,,Green salad,,,,,,+ 4 DEX,,,Cream sandwich,,,,,,,,,,
,,Lemon,,,"( Minorous 1,5% ⏳)",,,,,,Wing of red bat,,,"( Drainilar 27,5% )",,,,,,Hinalle leaflet,,,( Grove 5% ),,,,,,Yellow herb,,,"( Galapago 17,5% )",,,,,,,,,,
,,Shrimp,,,15 z,,,,,,Jack o'pumpkin,,,( Jakk 45%⏳),,,,,,Aloe leaf,,,"( Grove 7,5% )",,,,,,Milk,,,19 z,,,,,,,,,,
,,Sweet sauce,,,532 z,,,,,,Hinalle leaflet,,,( Grove 5% ),,,,,,Sharp leaf,,,( Dryad 15% ),,,,,,Cheese,,,21 z,,,,,,,,,,
,,Red spice,,,760 z,,,,,,Red herb,,,( Spore 10% / Snake 8% ),,,,,,Huge leaf,,,( Dryad / Wootan fighter 5% ),,,,,,Meat,,,38 z,,,,,,,,,,
,,,,,,,,,,,Pot,,,152 z,,,,,,Sweet sauce,,,532 z,,,,,,Bread,,,114 z,,,,,,,,,,
,,,,,,,,,,,,,,,,,,,,Yellow spice,,,760 z,,,,,,Sweet sauce,,,532 z,,,,,,,,,,
,,,,,1 307 Zeny,,,,,,,,,152 Zeny,,,,,,,,,1 262 Zeny,,,,,,,,,724 Zeny,,,,,,,,,,
,,,,,,,,,,,,,,,,,,,,,,,,,,,,,,,,,,,,,,,,,,
,,,,,VIT (budget),,,,,,,,,,,,,,,,,,LUK ( budget ),,,,,,,,,,,,,,,,,,,
,,,,,,+ 6 VIT,,,Steamed scorpion tails,,,,,,,,,,,,,,,+ 5 LUK,,,Scorpion stir-fry,,,,,,,,,,,,,,,
,,,,,,Scorpion tail,,,"( Scorpion 27,5% )",,,,,,,,,,,,,,,Scorpion tail,,,"( Scorpion 27,5% )",,,,,,,,,,,,,,,
,,,,,,Green herb,,,( Fabre 30% ),,,,,,,,,,,,,,,Bug leg,,,"( Argiope 26,7% )",,,,,,,,,,,,,,,
,,,,,,Old frying pan,,,( Magnolia 45% ),,,,,,,,,,,,,,,Huge leaf,,,( Dryad / Wootan fighter 5% ),,,,,,,,,,,,,,,
,,,,,,Cooking Oil,,,38 z,,,,,,,,,,,,,,,Old frying pan,,,( Magnolia 45% ),,,,,,,,,,,,,,,
,,,,,,,,,,,,,,,,,,,,,,,,Cooking oil,,,380 z,,,,,,,,,,,,,,,
,,,,,,,,,38 Zeny,,,,,,,,,,,,,,,,,,380 Zeny,,,,,,,,,,,,,,,
,,,,,,,,,,,,,,,,,,,,,,,,,,,,,,,,,,,,,,,,,,
,   AUTRES ( Parchemin sage : 20 min / 2 versions suivants les sources ; à valider IG ),,,,,,,,,,,,,,,,,,,,,,,,,,,,,,,,,,,,,,,,,
,,,,,,,,,,,,,,,,,,,,,,,,,,,,,,,,,,,,,,,,,,
,,= 3 000 z,,,,,,,,,,,,,,,,,,,,,,,,,,,,,,,,,,,,,,,,
,,,,,,,,,,,,,,,,,,,,,,,,,,,,,,,,,,,,,,,,,,
,,=,,+,,,,=,3,,+,,,,,,,,,,,,,,,,,,,,,,,,,,,,,,,
,,=,,+,,,,=,3,,+,,,,,,,,,,,,,,,,,,,,,,,,,,,,,,,
,,=,,+,,,,=,3,,+,,,,,,,,,,,,,,,,,,,,,,,,,,,,,,,
,,=,,+,,,,=,3,,+,,,,,,,,,,,,,,,,,,,,,,,,,,,,,,,
,,,,,,,,,,,,,,,,,,,,,,,,,,,,,,,,,,,,,,,,,,
,   HAT les plus utiles ( merci @ Fubuki ),,,,,,,,,,,,,,,,,,,,,,,,,,,,,,,,,,,,,,,,,
,,,,,,,,,,,,,,,,,,,,,,,,,,,,,,,,,,,,,,,,,,
,,=,Mixture and Counteragent Quest - Ragnarok Online,,,,,,,,"( attention les quêtes ne sont  peu être plus totalement à jour, surtout la localisation de NPC )",,,,,,,,,,,,,,,,,,,,,,,,,,,,,,,
,,=,Dye Making Guide - Ragnarok Online,,,,,,,,,,,,,,,,,,,,,,,,,,,,,,,,,,,,,,,
,,,,,,,,,,,,,,,,,,,,,,,,,,,,,,,,,,,,,,,,,,
,,Hair Brush,,,"Comodo
 ( 224 / 171 )",,,,,,"Hot blooded
headband",,,"Morroc
( 79 / 65 )",,,,,,Sakkat,,,"Morroc
( 128 / 55 )",,,,,,,,,,,,,,,,,,,
,,CRIT +6,,,( upper ),,,,,,STR +2,,,( upper ),,,,,,AGI +1,,,( upper ),,,,,,,,,,,,,,,,,,,
,,1,Mixture,,,( Craft ),,,,,1,Picky card,,,,,,,,120,Trunk,,( Greatest general 10% ),,,,,,,,,,,,,,,,,,,
,,1,Scarlet dyestuff,,,( Craft ),,,,,1,Bandana,,,( NPC ? ),,,,,10 000 z,,,,,,,,,,,,,,,,,,,,,,
,,50,Solid Shell,,,( Cornutus 5%),,,,,1,White deaystuff,,,( Craft ),,,,,,,,,,,,,,,,,,,,,,,,,,,
,,1,Axe [3],,,( NPC ),,,,,,,,,,,,,,,,,,,,,,,,,,,,,,,,,,,,